symbol,setup,side,score,opened_at,closed_at,entry,exit,net_pnl,r_multiple,fees,funding_cost,reason
ETHUSDT,SYSTEMATIC_BREAKOUT_4H,LONG,86.8614404845952,2022-03-18T16:00:00+00:00,2022-03-31T16:00:00+00:00,2894.299401,3305.5313782697294,14.716161164988916,2.9432322329977834,0.1847925571783449,0.4205549162772489,STOP
ADAUSDT,SYSTEMATIC_BREAKOUT_4H,LONG,86.5444294019642,2022-03-24T00:00:00+00:00,2022-03-31T16:00:00+00:00,1.10651064,1.1551571108961836,3.2530548889743214,0.6477132963686656,0.132887246229589,0.18691662887634192,STOP
LTCUSDT,SYSTEMATIC_BREAKOUT_4H,SHORT,86.06996667699505,2022-04-11T04:00:00+00:00,2022-04-16T12:00:00+00:00,108.159183,113.29531789510496,-5.249502751094084,-1.031367681518535,0.16951530048807723,0.16558377754963213,STOP
AVAXUSDT,SYSTEMATIC_BREAKOUT_4H,SHORT,87.87026172894679,2022-04-11T04:00:00+00:00,2022-04-18T16:00:00+00:00,79.152084,76.297629,2.6595489173525904,0.5225204997184524,0.12939983774883845,0.18119193166009057,TIME_STOP
ADAUSDT,SYSTEMATIC_BREAKOUT_4H,SHORT,89.19072042093917,2022-04-18T00:00:00+00:00,2022-04-19T12:00:00+00:00,0.91370862,0.9497304402392567,-5.12215915333647,-1.0081583770969738,0.20159074071476046,0.04942345618740325,STOP
AVAXUSDT,SYSTEMATIC_BREAKOUT_4H,SHORT,91.67090300415683,2022-04-25T04:00:00+00:00,2022-05-01T04:00:00+00:00,70.372962,58.91265505982133,18.243356352586055,3.611626445823313,0.16801852782575905,0.20577627984821298,STOP
XRPUSDT,SYSTEMATIC_BREAKOUT_4H,SHORT,89.83493333259271,2022-04-25T04:00:00+00:00,2022-05-01T12:00:00+00:00,0.6790320900000001,0.5996896850522101,13.008511541708554,2.575287320864758,0.1727578902197761,0.21787918582284774,STOP
AVAXUSDT,SYSTEMATIC_BREAKOUT_4H,SHORT,86.35123265846806,2022-05-26T12:00:00+00:00,2022-05-26T16:00:00+00:00,24.157584,25.609599743904,-5.203675834360632,-0.999257035598705,0.13887500842271538,0.0,STOP
LINKUSDT,SYSTEMATIC_BREAKOUT_4H,LONG,88.35073200458862,2022-06-09T12:00:00+00:00,2022-06-10T12:00:00+00:00,9.184918399999999,8.6329599136704,-5.193761317295122,-1.002361242718446,0.13011876115522897,0.025153041143854835,STOP
AVAXUSDT,SYSTEMATIC_BREAKOUT_4H,LONG,92.19290918665848,2022-08-06T20:00:00+00:00,2022-08-08T16:00:00+00:00,26.572657,28.734741021521703,7.9689681551390255,1.2815517783947632,0.16753891214101796,0.05030920597575417,STOP
BNBUSDT,SYSTEMATIC_BREAKOUT_4H,LONG,89.0971136117638,2022-08-03T16:00:00+00:00,2022-08-09T12:00:00+00:00,298.109808,312.4564787827997,4.180831389517429,0.8109367905275996,0.15295287415472703,0.15869382241622232,STOP
ADAUSDT,SYSTEMATIC_BREAKOUT_4H,LONG,87.87551486496137,2022-08-14T04:00:00+00:00,2022-08-15T04:00:00+00:00,0.59045904,0.5576778710240904,-5.229984072252798,-1.0026220478119174,0.1418017022380346,0.027346944483461186,STOP
DOGEUSDT,SYSTEMATIC_BREAKOUT_4H,LONG,91.19708652822727,2022-08-16T12:00:00+00:00,2022-08-17T20:00:00+00:00,0.085678567,0.08052979919470199,-5.210810278122097,-1.0039793656957945,0.13033548496181924,0.03359324754957695,STOP
LINKUSDT,SYSTEMATIC_BREAKOUT_4H,SHORT,86.12336671880828,2022-08-19T00:00:00+00:00,2022-08-23T16:00:00+00:00,7.6422357,7.277748793809171,3.73786682214337,0.7238172908042059,0.13051016114818914,0.11698614519460582,STOP
LTCUSDT,SYSTEMATIC_BREAKOUT_4H,LONG,90.6942858369355,2022-09-10T16:00:00+00:00,2022-09-12T00:00:00+00:00,64.056405,60.51586280085051,-5.205556490871076,-1.004392316267638,0.14151650035364383,0.036384656155283385,STOP
LTCUSDT,SYSTEMATIC_BREAKOUT_4H,LONG,87.1023125216962,2022-09-13T12:00:00+00:00,2022-09-13T16:00:00+00:00,66.32663199999999,62.34079937659199,-5.143907782554688,-0.997506873786408,0.12949693077943128,0.0,STOP
ETHUSDT,SYSTEMATIC_BREAKOUT_4H,SHORT,87.92279358898283,2022-09-18T20:00:00+00:00,2022-09-22T16:00:00+00:00,1379.7120149999998,1327.0379512279528,3.0230028053850386,0.5891593189222502,0.13361663953785036,0.09364908737503597,STOP
XRPUSDT,SYSTEMATIC_BREAKOUT_4H,LONG,86.80570729646756,2022-10-05T20:00:00+00:00,2022-10-10T20:00:00+00:00,0.49734973,0.509263740402813,1.7350245209274318,0.33714937248859606,0.13482971747696,0.12490678936382382,STOP
ADAUSDT,SYSTEMATIC_BREAKOUT_4H,SHORT,88.03783296050436,2022-10-13T00:00:00+00:00,2022-10-13T12:00:00+00:00,0.38086191,0.3682557766451686,3.778315127796883,0.7329653115668209,0.18918613723712308,0.012023109796061695,STOP
AVAXUSDT,SYSTEMATIC_BREAKOUT_4H,SHORT,90.14559171578186,2022-10-13T08:00:00+00:00,2022-10-14T00:00:00+00:00,15.158484,15.927727686741209,-5.2012158402190956,-1.002777591529408,0.16226531222474505,0.019781247100003695,STOP
ADAUSDT,SYSTEMATIC_BREAKOUT_4H,SHORT,86.27611425229865,2022-10-20T00:00:00+00:00,2022-10-24T00:00:00+00:00,0.34936506,0.36435599378970185,-5.279124004391512,-1.025526573873321,0.18861332271489573,0.1384887788945025,STOP
DOGEUSDT,SYSTEMATIC_BREAKOUT_4H,LONG,91.38299505787283,2022-10-27T20:00:00+00:00,2022-10-28T00:00:00+00:00,0.08285828499999999,0.07787899922120999,-5.108556611900345,-0.9975068737864088,0.12860697157084602,0.0,STOP
AVAXUSDT,SYSTEMATIC_BREAKOUT_4H,LONG,87.37340038221834,2022-10-31T12:00:00+00:00,2022-11-02T04:00:00+00:00,19.3509349,18.1880598181194,-5.124305519427953,-1.0055974886731391,0.12796553988005216,0.041228009205101994,STOP
BNBUSDT,SYSTEMATIC_BREAKOUT_4H,LONG,89.47943082655578,2022-10-31T12:00:00+00:00,2022-11-07T00:00:00+00:00,330.723069,334.5652700693715,0.6780948996861353,0.13306984246375775,0.13458508564414162,0.158896791264653,STOP
LTCUSDT,SYSTEMATIC_BREAKOUT_4H,LONG,92.07324754185345,2022-11-03T04:00:00+00:00,2022-11-07T16:00:00+00:00,63.376337,68.1696990513297,7.159402482858486,1.1759353059375828,0.16358575833409947,0.128070240633269,STOP
DOGEUSDT,SYSTEMATIC_BREAKOUT_4H,LONG,86.33229969325474,2022-11-27T08:00:00+00:00,2022-11-27T20:00:00+00:00,0.09688968799999999,0.0984420900784728,1.1822160004361517,0.23154609183622846,0.1332466305469957,0.008261728191228513,STOP
LINKUSDT,SYSTEMATIC_BREAKOUT_4H,LONG,90.57139423342753,2022-11-26T16:00:00+00:00,2022-11-28T00:00:00+00:00,7.1717171,6.7407399325926,-5.129679860815649,-1.0039793656957934,0.12830620895282957,0.03307021292599476,STOP
DOGEUSDT,SYSTEMATIC_BREAKOUT_4H,LONG,91.22424392316552,2022-12-05T12:00:00+00:00,2022-12-05T16:00:00+00:00,0.10665066399999999,0.10024159899758399,-5.076921536215894,-0.9975068737864083,0.12781056436852323,0.0,STOP
LINKUSDT,SYSTEMATIC_BREAKOUT_4H,SHORT,92.7628568775579,2022-12-12T04:00:00+00:00,2022-12-13T12:00:00+00:00,6.5633436000000005,6.849216522281499,-6.122622691505767,-1.0074956383059996,0.2195515405726941,0.05371801451589008,STOP
DOGEUSDT,SYSTEMATIC_BREAKOUT_4H,SHORT,89.68843942091131,2022-12-12T04:00:00+00:00,2022-12-13T12:00:00+00:00,0.08740125900000001,0.09265459907345401,-5.0932415920859935,-1.005729527508091,0.13505297483914885,0.03277816161866157,STOP
XRPUSDT,SYSTEMATIC_BREAKOUT_4H,SHORT,87.56468017943212,2022-12-19T04:00:00+00:00,2022-12-26T04:00:00+00:00,0.34106589000000004,0.35073507,-3.59437192017172,-0.7177050059286251,0.1818536952586669,0.23534694518328403,TIME_STOP
SOLUSDT,SYSTEMATIC_BREAKOUT_4H,SHORT,92.31959623176049,2022-12-27T16:00:00+00:00,2022-12-28T12:00:00+00:00,10.748925,10.241552393820205,5.922932242000298,0.9890989949189712,0.2036321495736257,0.026069282064067008,STOP
SOLUSDT,SYSTEMATIC_BREAKOUT_4H,SHORT,91.98799675268108,2022-12-29T20:00:00+00:00,2022-12-30T00:00:00+00:00,8.776122299999999,9.303619906963798,-5.022055345366353,-0.9992570355987033,0.13402794497339965,0.0,STOP
DOGEUSDT,SYSTEMATIC_BREAKOUT_4H,SHORT,89.88144896209815,2022-12-28T04:00:00+00:00,2023-01-02T04:00:00+00:00,0.071752824,0.07163083128369167,-0.14949891618171168,-0.02973920134420707,0.17089866742440088,0.16035381588572215,STOP
XRPUSDT,SYSTEMATIC_BREAKOUT_4H,SHORT,87.34742888233014,2023-01-02T04:00:00+00:00,2023-01-02T08:00:00+00:00,0.32806719,0.3469743168856102,-4.989879209344127,-0.9991885212127356,0.13856524304301437,0.0,STOP
SOLUSDT,SYSTEMATIC_BREAKOUT_4H,LONG,92.24505415078517,2023-01-03T16:00:00+00:00,2023-01-04T12:00:00+00:00,12.820281900000001,13.160241010383388,2.382803032392477,0.39961285442409633,0.1564229670099523,0.01929701857444635,STOP
ADAUSDT,SYSTEMATIC_BREAKOUT_4H,LONG,92.38894241281149,2023-01-06T04:00:00+00:00,2023-01-09T00:00:00+00:00,0.27332733,0.33197137548557354,29.73206233312299,4.974349419898008,0.24848358033843576,0.11220468992786216,TARGET
BNBUSDT,SYSTEMATIC_BREAKOUT_4H,LONG,89.08698969882907,2023-01-08T16:00:00+00:00,2023-01-09T20:00:00+00:00,266.92668999999995,275.88886418747137,6.9157858914895645,1.377003943475022,0.3554986354527394,0.06555546814812507,STOP
ADAUSDT,SYSTEMATIC_BREAKOUT_4H,LONG,87.3212606108399,2023-01-09T00:00:00+00:00,2023-01-09T20:00:00+00:00,0.29752975,0.3114820896443855,4.198962658056795,0.8111963410878452,0.15260567836337113,0.018638689092870087,STOP
AVAXUSDT,SYSTEMATIC_BREAKOUT_4H,LONG,90.94113728235662,2023-01-10T16:00:00+00:00,2023-01-12T00:00:00+00:00,12.6992698,16.333013175348217,25.856660032237286,4.986694311319342,0.1665657052370873,0.03642949526272441,TARGET
AVAXUSDT,SYSTEMATIC_BREAKOUT_4H,LONG,87.82964017025034,2023-01-24T04:00:00+00:00,2023-01-24T20:00:00+00:00,18.7078706,17.5836398241636,-5.318362898354086,-1.0007431197410992,0.13345583082550325,0.017198749684972266,STOP
DOGEUSDT,SYSTEMATIC_BREAKOUT_4H,LONG,90.79031171956717,2023-01-31T20:00:00+00:00,2023-02-01T08:00:00+00:00,0.097079707,0.09124579908754199,-5.283194976943585,-0.9991249967637562,0.13278805580306347,0.008556346016447669,STOP
DOGEUSDT,SYSTEMATIC_BREAKOUT_4H,LONG,90.14622950743471,2023-02-04T20:00:00+00:00,2023-02-05T12:00:00+00:00,0.097579757,0.091715799082842,-5.265315717842891,-1.0007431197411012,0.13212469647394098,0.017027203441035414,STOP
ETHUSDT,SYSTEMATIC_BREAKOUT_4H,SHORT,90.72385912603784,2023-02-13T12:00:00+00:00,2023-02-14T12:00:00+00:00,1485.5014350000001,1544.4474212947187,-5.2649007640410215,-1.005696471386308,0.20645120169968523,0.037956526363294274,STOP
ADAUSDT,SYSTEMATIC_BREAKOUT_4H,SHORT,88.8810101583753,2023-02-13T12:00:00+00:00,2023-02-14T12:00:00+00:00,0.35146485,0.36884055414712213,-5.260109906639993,-1.0047813262394065,0.16785974174360824,0.030714471222875517,STOP
SOLUSDT,SYSTEMATIC_BREAKOUT_4H,LONG,88.24915068121842,2023-02-19T16:00:00+00:00,2023-02-22T04:00:00+00:00,25.30253,23.816557551638162,-5.22937478820998,-1.0090537329956408,0.1331772041437953,0.060027686277136616,STOP
AVAXUSDT,SYSTEMATIC_BREAKOUT_4H,SHORT,86.13394818827203,2023-03-01T00:00:00+00:00,2023-03-10T12:00:00+00:00,17.0792919,15.006945730445343,11.762192603979774,2.281127130078453,0.15104826566588797,0.2814069718934587,STOP
SOLUSDT,SYSTEMATIC_BREAKOUT_4H,SHORT,87.5473125757007,2023-03-08T08:00:00+00:00,2023-03-10T12:00:00+00:00,19.178082,17.5481792844642,6.95525821229012,1.3407083419265082,0.12860326848709056,0.050366494075114655,STOP
XRPUSDT,SYSTEMATIC_BREAKOUT_4H,LONG,88.0996098839994,2023-03-21T16:00:00+00:00,2023-03-22T00:00:00+00:00,0.42884288000000004,0.45791793034732803,5.610472510478355,1.0686828833120607,0.1405271973379863,0.008494975099478353,STOP
XRPUSDT,SYSTEMATIC_BREAKOUT_4H,LONG,90.40988795245771,2023-03-27T12:00:00+00:00,2023-03-29T12:00:00+00:00,0.47734772999999997,0.5468801403866129,12.24240578868463,2.3195393680389427,0.14659807320270662,0.05124220363135937,STOP
ADAUSDT,SYSTEMATIC_BREAKOUT_4H,LONG,91.51402589316423,2023-03-31T16:00:00+00:00,2023-04-02T00:00:00+00:00,0.40634063,0.38360747275941953,-5.362280003068216,-1.0043304573027143,0.14403215142514647,0.03704427857090105,STOP
DOGEUSDT,SYSTEMATIC_BREAKOUT_4H,LONG,91.12456904726092,2023-04-02T04:00:00+00:00,2023-04-02T12:00:00+00:00,0.08420841999999999,0.07914799920851999,-5.307699281613448,-0.9991249967637548,0.13340394807849876,0.00859603171999692,STOP
DOGEUSDT,SYSTEMATIC_BREAKOUT_4H,LONG,90.23037561972355,2023-04-03T20:00:00+00:00,2023-04-05T16:00:00+00:00,0.09696969600000001,0.091142399088576,-5.31539636315232,-1.0055974886731394,0.13273751198253775,0.04276544584587403,STOP
ADAUSDT,SYSTEMATIC_BREAKOUT_4H,LONG,87.67818640897143,2023-04-13T20:00:00+00:00,2023-04-17T12:00:00+00:00,0.4210421,0.4347462923635482,3.111363653010722,0.5920073696848132,0.1696451623583245,0.11476337441696577,STOP
SOLUSDT,SYSTEMATIC_BREAKOUT_4H,LONG,86.31711566589479,2023-04-13T16:00:00+00:00,2023-04-19T08:00:00+00:00,24.613461100000002,23.1343397686566,-5.390791629112651,-1.0250149644012967,0.13207010943902592,0.1446714338519135,STOP
SOLUSDT,SYSTEMATIC_BREAKOUT_4H,SHORT,86.13984476331525,2023-05-22T00:00:00+00:00,2023-05-27T20:00:00+00:00,19.602039599999998,20.21735476492296,-5.506083823185018,-1.0492105485550929,0.2577526039176341,0.2696302458350687,STOP
XRPUSDT,SYSTEMATIC_BREAKOUT_4H,LONG,86.24261851064001,2023-05-30T04:00:00+00:00,2023-05-31T08:00:00+00:00,0.4970497,0.505019707738423,1.952332504489036,0.37398823764090006,0.22297267834038167,0.041474860182369795,STOP
SOLUSDT,SYSTEMATIC_BREAKOUT_4H,LONG,90.82667728282223,2023-06-04T16:00:00+00:00,2023-06-05T12:00:00+00:00,22.042203999999998,21.319001390546674,-5.24074675900938,-1.0020421406312965,0.23848363350400417,0.030307649735577504,STOP
XRPUSDT,SYSTEMATIC_BREAKOUT_4H,LONG,87.97706638965248,2023-06-04T16:00:00+00:00,2023-06-05T12:00:00+00:00,0.5357535699999999,0.5180731165019017,-5.240661981626666,-1.0020259310119508,0.23714663045194334,0.030140666274982894,STOP
ADAUSDT,SYSTEMATIC_BREAKOUT_4H,SHORT,89.73712536122633,2023-06-09T16:00:00+00:00,2023-06-10T04:00:00+00:00,0.31106889,0.2250683865537634,25.89289357295128,5.000887978525026,0.12982994109110899,0.00941597829281107,TARGET
SOLUSDT,SYSTEMATIC_BREAKOUT_4H,SHORT,88.74066949394306,2023-06-09T20:00:00+00:00,2023-06-10T08:00:00+00:00,17.3812617,14.00928298591977,16.199642447464406,3.114174804226332,0.12161342155204921,0.008417322506579228,STOP
LINKUSDT,SYSTEMATIC_BREAKOUT_4H,SHORT,86.3017945722071,2023-06-10T04:00:00+00:00,2023-06-10T20:00:00+00:00,5.7704229,5.223870698223171,11.584622755618087,2.1536182288260686,0.18988312656161394,0.024915332941713882,STOP
LINKUSDT,SYSTEMATIC_BREAKOUT_4H,LONG,87.67305724074829,2023-06-23T12:00:00+00:00,2023-06-28T04:00:00+00:00,5.8525852,5.973987073373499,1.8351689857870261,0.33697279274282177,0.1673591288312643,0.14493601283813676,STOP
SOLUSDT,SYSTEMATIC_BREAKOUT_4H,LONG,90.81513903136027,2023-06-30T04:00:00+00:00,2023-06-30T12:00:00+00:00,18.951895,17.81299982187,-5.450447487491316,-0.9991249967637535,0.13699178778735321,0.008827218160786734,STOP
DOGEUSDT,SYSTEMATIC_BREAKOUT_4H,LONG,88.256161122949,2023-07-04T16:00:00+00:00,2023-07-05T08:00:00+00:00,0.070347034,0.06707298211249421,-5.434507681354998,-1.00120470399243,0.1758204916800712,0.022501180060970297,STOP
SOLUSDT,SYSTEMATIC_BREAKOUT_4H,LONG,86.96003421214151,2023-07-04T16:00:00+00:00,2023-07-05T08:00:00+00:00,19.852985099999998,18.87036999758261,-5.43384869896747,-1.001083299017973,0.165427844075841,0.021203202274741813,STOP
SOLUSDT,SYSTEMATIC_BREAKOUT_4H,LONG,91.72661064811699,2023-07-12T16:00:00+00:00,2023-07-13T16:00:00+00:00,22.4052403,24.18464855128592,7.702863297780946,1.43345706330187,0.16543620647879823,0.029834568603845132,STOP
LTCUSDT,SYSTEMATIC_BREAKOUT_4H,SHORT,88.71481137241328,2023-07-17T12:00:00+00:00,2023-07-22T00:00:00+00:00,91.020897,95.59773308027529,-5.541799732571646,-1.0239569902499597,0.17078534558964953,0.13535991788667828,STOP
LINKUSDT,SYSTEMATIC_BREAKOUT_4H,LONG,90.97387422666378,2023-07-18T00:00:00+00:00,2023-07-22T08:00:00+00:00,7.185718499999999,7.89716700581985,8.399374914962168,1.5538749736811823,0.146874581200105,0.11370662574584502,STOP
DOGEUSDT,SYSTEMATIC_BREAKOUT_4H,LONG,90.23445148341396,2023-07-29T20:00:00+00:00,2023-07-30T20:00:00+00:00,0.080838083,0.07692168966003927,-5.443352093269818,-1.0031186433754073,0.1689251274727444,0.03245975648253676,STOP
LTCUSDT,SYSTEMATIC_BREAKOUT_4H,SHORT,87.65665606568619,2023-08-04T00:00:00+00:00,2023-08-11T00:00:00+00:00,82.501749,83.20832,-1.0720814603904643,-0.19856257052646095,0.14038401331336087,0.18346837695015286,TIME_STOP
XRPUSDT,SYSTEMATIC_BREAKOUT_4H,SHORT,90.18202902613235,2023-08-05T00:00:00+00:00,2023-08-12T00:00:00+00:00,0.6352364699999999,0.62956295,0.5156674154678921,0.09548395122472532,0.15679754979242372,0.20671992824073224,TIME_STOP
LTCUSDT,SYSTEMATIC_BREAKOUT_4H,SHORT,86.54668120987213,2023-08-15T20:00:00+00:00,2023-08-17T20:00:00+00:00,79.282071,63.89053369607255,26.908570136954552,4.986364932099416,0.2023750110583877,0.08404912742952814,TARGET
DOGEUSDT,SYSTEMATIC_BREAKOUT_4H,SHORT,90.56479016252578,2023-08-17T00:00:00+00:00,2023-08-18T00:00:00+00:00,0.067133286,0.059577567758948353,11.517187675501372,2.119688392656327,0.15704186642392096,0.031201164560458045,STOP
BNBUSDT,SYSTEMATIC_BREAKOUT_4H,SHORT,88.21412249764023,2023-08-21T12:00:00+00:00,2023-08-23T16:00:00+00:00,210.36896099999998,216.8889808745333,-5.678803474281795,-1.0161480840074146,0.27776729890883844,0.10257319819766182,STOP
AVAXUSDT,SYSTEMATIC_BREAKOUT_4H,SHORT,89.09264527785076,2023-08-21T16:00:00+00:00,2023-08-28T16:00:00+00:00,10.2899709,10.331033,-0.9877375683325237,-0.17679927566238413,0.2058223615208693,0.2696039226477689,TIME_STOP
SOLUSDT,SYSTEMATIC_BREAKOUT_4H,SHORT,86.29796260946483,2023-09-10T08:00:00+00:00,2023-09-15T20:00:00+00:00,18.5131485,19.352458359365937,-5.737220732195408,-1.0327609487773297,0.1932719713030513,0.1889880026964946,STOP
SOLUSDT,SYSTEMATIC_BREAKOUT_4H,LONG,88.84310409761397,2023-09-30T16:00:00+00:00,2023-10-01T12:00:00+00:00,21.4161414,23.121442690332895,9.351986681853262,1.6926125291714489,0.2000806512644896,0.024052469427806644,STOP
LINKUSDT,SYSTEMATIC_BREAKOUT_4H,LONG,87.9229549029371,2023-09-30T12:00:00+00:00,2023-10-01T16:00:00+00:00,8.1918191,7.771999444871724,-5.542600487432666,-1.0029060390557825,0.16270575466514176,0.03130961676711414,STOP
AVAXUSDT,SYSTEMATIC_BREAKOUT_4H,LONG,90.55030686820558,2023-10-04T20:00:00+00:00,2023-10-07T08:00:00+00:00,10.0130012,11.111528964553049,10.142099759097738,1.8278335491795341,0.15949621914491402,0.06615088447394908,STOP
SOLUSDT,SYSTEMATIC_BREAKOUT_4H,LONG,92.20985351806578,2023-10-01T12:00:00+00:00,2023-10-08T12:00:00+00:00,22.9552953,23.469652800000002,2.018157743699084,0.30241093805277697,0.17471398445342445,0.2267714792273707,TIME_STOP
SOLUSDT,SYSTEMATIC_BREAKOUT_4H,LONG,91.69450775588075,2023-10-19T20:00:00+00:00,2023-10-22T04:00:00+00:00,25.1405138,28.48483966573422,12.802109770199475,2.283486076609618,0.16724818082087434,0.06860779109939061,STOP
LINKUSDT,SYSTEMATIC_BREAKOUT_4H,LONG,88.7655704518752,2023-10-21T16:00:00+00:00,2023-10-23T08:00:00+00:00,8.947894699999999,10.354185007247068,14.266461113131355,2.5070978439447607,0.15890213248377294,0.04603906582331943,STOP
DOGEUSDT,SYSTEMATIC_BREAKOUT_4H,LONG,88.78347386071599,2023-10-26T12:00:00+00:00,2023-10-27T16:00:00+00:00,0.07397739699999999,0.06953179930468198,-5.755288839859745,-1.0023612427184485,0.14418665167367958,0.02787248164479611,STOP
SOLUSDT,SYSTEMATIC_BREAKOUT_4H,LONG,89.68563928160839,2023-10-30T12:00:00+00:00,2023-11-01T16:00:00+00:00,34.953495000000004,45.80546954194531,28.47423230796458,4.984151534757283,0.17086866747448948,0.05546558033620098,TARGET
SOLUSDT,SYSTEMATIC_BREAKOUT_4H,LONG,91.69187126946584,2023-11-01T16:00:00+00:00,2023-11-02T12:00:00+00:00,40.597059300000005,41.266511132880325,1.3905890950283513,0.2374913216083568,0.1528441049745561,0.01894927487433179,STOP
XRPUSDT,SYSTEMATIC_BREAKOUT_4H,LONG,87.16668385281761,2023-11-05T12:00:00+00:00,2023-11-07T00:00:00+00:00,0.64626462,0.6945426930002733,9.24653210284795,1.5742938191212237,0.2112652760963165,0.050914576632963685,STOP
AVAXUSDT,SYSTEMATIC_BREAKOUT_4H,LONG,88.34822315394412,2023-11-01T20:00:00+00:00,2023-11-09T16:00:00+00:00,11.984198300000001,13.01497830970623,7.782155706044902,1.327553165877142,0.15829464499514334,0.21816614321212857,STOP
SOLUSDT,SYSTEMATIC_BREAKOUT_4H,LONG,89.38202568550922,2023-11-07T20:00:00+00:00,2023-11-09T16:00:00+00:00,43.9023898,41.2641195873588,-5.974186219912486,-1.0055974886731402,0.14918899001564834,0.04806579223930449,STOP
SOLUSDT,SYSTEMATIC_BREAKOUT_4H,LONG,91.07376891373465,2023-11-11T16:00:00+00:00,2023-11-11T20:00:00+00:00,60.9900984,57.3249594267504,-5.902798187098912,-0.9975068737864091,0.14860185690577604,0.0,STOP
AVAXUSDT,SYSTEMATIC_BREAKOUT_4H,LONG,87.2949452823876,2023-11-11T20:00:00+00:00,2023-11-12T12:00:00+00:00,16.7506749,17.72142301356669,5.345577083714765,0.9078707762517954,0.1568582901085846,0.01905513721246949,STOP
SOLUSDT,SYSTEMATIC_BREAKOUT_4H,LONG,86.13904666054012,2023-12-03T04:00:00+00:00,2023-12-04T08:00:00+00:00,64.1634157,60.73032850826196,-5.931033586526458,-1.0027504561336733,0.16682356004159699,0.03213922812755303,STOP
ADAUSDT,SYSTEMATIC_BREAKOUT_4H,LONG,89.57797786495374,2023-12-08T12:00:00+00:00,2023-12-09T12:00:00+00:00,0.52085208,0.6062503504218479,15.420094173736423,2.6201878757458044,0.16485612548614653,0.02856849570941268,STOP
AVAXUSDT,SYSTEMATIC_BREAKOUT_4H,LONG,86.6036268422751,2023-12-10T20:00:00+00:00,2023-12-11T00:00:00+00:00,35.565556199999996,33.4282796657172,-5.9473460435022645,-0.997506873786407,0.14972334098381557,0.0,STOP
ADAUSDT,SYSTEMATIC_BREAKOUT_4H,LONG,91.29935505088369,2023-12-13T16:00:00+00:00,2023-12-16T00:00:00+00:00,0.6267626700000001,0.58909799410902,-5.984879756527635,-1.0088337346278344,0.14897659067482744,0.06719630582124805,STOP
SOLUSDT,SYSTEMATIC_BREAKOUT_4H,LONG,91.78029178417196,2023-12-21T20:00:00+00:00,2023-12-24T04:00:00+00:00,92.9732964,111.15804607530085,18.44638691878012,3.12515584155848,0.16776161916220755,0.06685735632047382,STOP
SOLUSDT,SYSTEMATIC_BREAKOUT_4H,LONG,89.51246854095665,2023-12-24T04:00:00+00:00,2023-12-24T08:00:00+00:00,116.3396328,109.3483189065168,-5.979835645966804,-0.9975068737864091,0.15054126074040003,0.0,STOP
SOLUSDT,SYSTEMATIC_BREAKOUT_4H,LONG,89.64779420310644,2023-12-25T16:00:00+00:00,2023-12-26T04:00:00+00:00,123.18731749999999,115.78449884215499,-5.959662923130212,-0.9991249967637545,0.14979043102851486,0.009651912968238852,STOP
AVAXUSDT,SYSTEMATIC_BREAKOUT_4H,SHORT,92.17817485038915,2024-01-08T04:00:00+00:00,2024-01-08T12:00:00+00:00,31.906809,33.824599661754,-7.128333647196507,-1.0008751585760525,0.18993245751286453,0.011524434756807691,STOP
ADAUSDT,SYSTEMATIC_BREAKOUT_4H,SHORT,90.38696326889173,2024-01-08T04:00:00+00:00,2024-01-08T12:00:00+00:00,0.4739526,0.5024399949756,-5.940278039330416,-1.0008751585760516,0.15827704792738706,0.009603695630673075,STOP
SOLUSDT,SYSTEMATIC_BREAKOUT_4H,LONG,86.37836981255502,2024-01-29T16:00:00+00:00,2024-02-01T00:00:00+00:00,99.879987,93.87779906122199,-5.921592574249729,-1.0088337346278329,0.1474012359421122,0.06648573768489205,STOP
LINKUSDT,SYSTEMATIC_BREAKOUT_4H,LONG,89.58619264205706,2024-01-31T04:00:00+00:00,2024-02-02T20:00:00+00:00,15.8535852,17.83983555019075,14.250085939385672,2.4245006886092875,0.19732086616987252,0.09284433262966217,STOP
LINKUSDT,SYSTEMATIC_BREAKOUT_4H,LONG,87.62862130759594,2024-02-05T12:00:00+00:00,2024-02-06T12:00:00+00:00,19.665966400000002,18.4841598151584,-5.925341518941331,-1.0023612427184485,0.14844696372528293,0.028696035476451484,STOP
AVAXUSDT,SYSTEMATIC_BREAKOUT_4H,LONG,90.73648609117673,2024-02-11T00:00:00+00:00,2024-02-18T00:00:00+00:00,40.2030199,39.3570639,-2.4244613324064432,-0.4122002145035994,0.15523899072918954,0.20591764526329592,TIME_STOP
DOGEUSDT,SYSTEMATIC_BREAKOUT_4H,LONG,88.16168290893184,2024-02-19T20:00:00+00:00,2024-02-20T08:00:00+00:00,0.089168916,0.08556016196894217,-5.864566399328954,-0.9991365910873551,0.2181711827596679,0.01391732281716685,STOP
AVAXUSDT,SYSTEMATIC_BREAKOUT_4H,SHORT,86.23689258668358,2024-02-23T16:00:00+00:00,2024-02-26T12:00:00+00:00,35.7534243,37.9024196209758,-5.914007481913596,-1.012202019417476,0.15581373892993272,0.0756338455059753,STOP
ETHUSDT,SYSTEMATIC_BREAKOUT_4H,LONG,89.20683358703681,2024-02-19T20:00:00+00:00,2024-02-28T16:00:00+00:00,2935.7835489999998,3241.7156930413985,15.899446391617387,2.708762692108738,0.2678477951920947,0.413697378152703,STOP
LTCUSDT,SYSTEMATIC_BREAKOUT_4H,LONG,86.1192630990176,2024-03-02T04:00:00+00:00,2024-03-03T04:00:00+00:00,91.269126,85.784399142156,-5.904146939581576,-1.0023612427184458,0.14791597813680163,0.0285933915361366,STOP
DOGEUSDT,SYSTEMATIC_BREAKOUT_4H,LONG,87.9045525815908,2024-03-14T08:00:00+00:00,2024-03-14T12:00:00+00:00,0.186448643,0.175244198247558,-5.870035444139587,-0.9975068737864083,0.147777060887555,0.0,STOP
AVAXUSDT,SYSTEMATIC_BREAKOUT_4H,LONG,87.15516832360862,2024-03-12T16:00:00+00:00,2024-03-14T16:00:00+00:00,53.795379,50.56259949437399,-5.903006586262603,-1.0072156116504873,0.14717465191848603,0.05690017399753623,STOP
LTCUSDT,SYSTEMATIC_BREAKOUT_4H,LONG,89.31965453443907,2024-03-26T20:00:00+00:00,2024-03-30T12:00:00+00:00,95.259525,102.8636910771525,7.2346588600709545,1.2469566567268182,0.15620508547580564,0.10326922302190363,STOP
BNBUSDT,SYSTEMATIC_BREAKOUT_4H,LONG,88.18661560480881,2024-04-12T08:00:00+00:00,2024-04-12T16:00:00+00:00,621.2921230000001,595.0733505932509,-5.832977005261995,-0.9991351527678219,0.2082639876710784,0.013297070026820604,STOP
AVAXUSDT,SYSTEMATIC_BREAKOUT_4H,SHORT,88.02251341472427,2024-04-12T16:00:00+00:00,2024-04-13T16:00:00+00:00,44.205579,31.507011559728944,29.029926680917974,4.99752465704995,0.1392777484470849,0.0304945326781349,TARGET
AVAXUSDT,SYSTEMATIC_BREAKOUT_4H,LONG,89.7956978638166,2024-05-06T12:00:00+00:00,2024-05-07T00:00:00+00:00,38.555855199999996,36.44427409608747,-5.948814971718175,-0.9991273474689389,0.16407257374694936,0.010543245816792057,STOP
SOLUSDT,SYSTEMATIC_BREAKOUT_4H,LONG,88.15637962114164,2024-05-06T12:00:00+00:00,2024-05-08T04:00:00+00:00,153.95939439999998,146.0074017635102,-5.9934613283965605,-1.006625882241713,0.1739365033928944,0.055796089494156875,STOP
DOGEUSDT,SYSTEMATIC_BREAKOUT_4H,SHORT,88.01294809033969,2024-05-13T04:00:00+00:00,2024-05-13T08:00:00+00:00,0.137306268,0.14504068207158022,-5.889289883362601,-0.9991501128305726,0.1671117706337391,0.0,STOP
AVAXUSDT,SYSTEMATIC_BREAKOUT_4H,SHORT,89.58641938228368,2024-05-13T04:00:00+00:00,2024-05-15T12:00:00+00:00,32.2997697,33.93123326258212,-5.967174864095174,-1.0123637241195327,0.1852131228968084,0.07903471680881734,STOP
LINKUSDT,SYSTEMATIC_BREAKOUT_4H,LONG,88.14727737709943,2024-05-17T04:00:00+00:00,2024-05-22T16:00:00+00:00,15.9145913,16.16930101288953,1.2077906981706579,0.20699008897847257,0.15227731169395572,0.15106840256401283,STOP
SOLUSDT,SYSTEMATIC_BREAKOUT_4H,LONG,90.16487255499221,2024-05-20T08:00:00+00:00,2024-05-23T20:00:00+00:00,177.94779300000002,168.0255453380875,-5.944508238135654,-1.0147886149472771,0.15855422477006614,0.10193839828882974,STOP
LINKUSDT,SYSTEMATIC_BREAKOUT_4H,LONG,89.78665182915941,2024-05-29T16:00:00+00:00,2024-05-30T20:00:00+00:00,18.895889399999998,17.88594807129854,-5.827339472510723,-1.0027542751215441,0.16408264785953275,0.03161024346084094,STOP
AVAXUSDT,SYSTEMATIC_BREAKOUT_4H,SHORT,86.55724246944405,2024-06-02T20:00:00+00:00,2024-06-05T00:00:00+00:00,35.1034893,36.397945319360964,-5.862124110235619,-1.0138230069860314,0.24427443881234975,0.089944543016109,STOP
BNBUSDT,SYSTEMATIC_BREAKOUT_4H,LONG,90.34072163530385,2024-06-04T12:00:00+00:00,2024-06-07T16:00:00+00:00,646.204614,689.6123565734454,9.26299794158978,1.6065635339246875,0.23705764786232703,0.12901184657634612,STOP
SOLUSDT,SYSTEMATIC_BREAKOUT_4H,SHORT,88.37855370471321,2024-06-14T20:00:00+00:00,2024-06-16T20:00:00+00:00,141.7418244,150.2613584973864,-5.85119545675413,-1.0089657734627813,0.15465332102998902,0.05630292362261542,STOP
AVAXUSDT,SYSTEMATIC_BREAKOUT_4H,SHORT,89.01164905827181,2024-06-17T12:00:00+00:00,2024-06-18T04:00:00+00:00,28.6351362,26.529299038231102,7.657823676718889,1.3240777092870055,0.16437506541642116,0.021331236174883667,STOP
DOGEUSDT,SYSTEMATIC_BREAKOUT_4H,SHORT,88.59247185520616,2024-06-14T20:00:00+00:00,2024-06-19T00:00:00+00:00,0.133456653,0.1239123788918893,6.453546547144511,1.1128337160573742,0.14477238983292967,0.11260584724523084,STOP
AVAXUSDT,SYSTEMATIC_BREAKOUT_4H,SHORT,91.8302943871989,2024-06-22T08:00:00+00:00,2024-06-27T08:00:00+00:00,25.3144683,26.836019731639805,-5.977922479338687,-1.0235288802589018,0.1557547343373528,0.1417597574506052,STOP
SOLUSDT,SYSTEMATIC_BREAKOUT_4H,LONG,87.13153337131332,2024-07-02T20:00:00+00:00,2024-07-03T08:00:00+00:00,152.7832768,144.82213482177943,-5.805549579790631,-0.9991286951471171,0.16826460502375434,0.01079786216961451,STOP
XRPUSDT,SYSTEMATIC_BREAKOUT_4H,LONG,90.07563230449935,2024-07-13T16:00:00+00:00,2024-07-18T04:00:00+00:00,0.5360536,0.5941202404341599,9.854495314006801,1.7044626890802126,0.15779216465450502,0.12161909450922448,STOP
AVAXUSDT,SYSTEMATIC_BREAKOUT_4H,LONG,88.267167051521,2024-07-21T16:00:00+00:00,2024-07-24T00:00:00+00:00,30.973097,29.182321799741597,-5.884536610065644,-1.0092061056705337,0.15220485243663312,0.06857193887758999,STOP
SOLUSDT,SYSTEMATIC_BREAKOUT_4H,LONG,91.55247399190758,2024-07-21T20:00:00+00:00,2024-07-25T00:00:00+00:00,177.9587941,168.84745640989922,-5.940097437454223,-1.0142508440495415,0.1725897710696273,0.09963229014597273,STOP
XRPUSDT,SYSTEMATIC_BREAKOUT_4H,LONG,86.49218716413468,2024-07-24T12:00:00+00:00,2024-07-25T20:00:00+00:00,0.6283628299999999,0.5906019940939798,-5.82335831464433,-1.0039793656957952,0.14565685364371778,0.03754224525407875,STOP
XRPUSDT,SYSTEMATIC_BREAKOUT_4H,LONG,90.81476388759214,2024-07-31T04:00:00+00:00,2024-08-01T00:00:00+00:00,0.64916491,0.61015399389846,-5.746884613606732,-1.0007431197410992,0.14420889951013743,0.018584521558021035,STOP
AVAXUSDT,SYSTEMATIC_BREAKOUT_4H,LONG,89.74483719069858,2024-08-23T04:00:00+00:00,2024-08-27T20:00:00+00:00,26.4556453,24.8658197513418,-5.829078016807317,-1.0201605954692563,0.14348731919018637,0.1294407092832468,STOP
SOLUSDT,SYSTEMATIC_BREAKOUT_4H,LONG,88.46567314323062,2024-09-20T08:00:00+00:00,2024-09-22T12:00:00+00:00,151.0381023,142.96212229732078,-5.731295563177953,-1.0081900379998456,0.16044195980661477,0.061818445474849486,STOP
AVAXUSDT,SYSTEMATIC_BREAKOUT_4H,LONG,89.31073943899851,2024-09-20T08:00:00+00:00,2024-09-22T20:00:00+00:00,28.1968194,26.57880703052061,-5.737493960942189,-1.0092803958096246,0.14951489641435373,0.0673449891076768,STOP
LTCUSDT,SYSTEMATIC_BREAKOUT_4H,LONG,88.52828394035747,2024-09-23T00:00:00+00:00,2024-09-24T04:00:00+00:00,68.666866,66.20218939236186,-5.652495150467518,-1.004460635328741,0.23518585192090713,0.04490320814872977,STOP
BNBUSDT,SYSTEMATIC_BREAKOUT_4H,LONG,88.75066164041789,2024-09-23T20:00:00+00:00,2024-09-25T16:00:00+00:00,612.6212559999999,590.2276838056159,-5.661677095742491,-1.009595838983473,0.2302458177592674,0.07329135303100912,STOP
ADAUSDT,SYSTEMATIC_BREAKOUT_4H,LONG,89.16499825925936,2024-09-24T16:00:00+00:00,2024-09-28T08:00:00+00:00,0.37173716999999995,0.39393500351527283,7.099910528553368,1.2689520462648913,0.2053685349803776,0.1370975606557054,STOP
DOGEUSDT,SYSTEMATIC_BREAKOUT_4H,LONG,91.17966589631263,2024-09-28T16:00:00+00:00,2024-09-30T00:00:00+00:00,0.13100309899999998,0.12313059876869399,-5.628631697880282,-1.0039793656957923,0.14078625067099532,0.03628687438231422,STOP
DOGEUSDT,SYSTEMATIC_BREAKOUT_4H,LONG,87.80893065740541,2024-10-18T04:00:00+00:00,2024-10-21T12:00:00+00:00,0.132693268,0.1390279411074708,4.0708997976839365,0.7297901064411789,0.14786609421630167,0.09026179504171757,STOP
ETHUSDT,SYSTEMATIC_BREAKOUT_4H,LONG,87.95785083100057,2024-10-20T16:00:00+00:00,2024-10-22T00:00:00+00:00,2705.980571,2640.364451743391,-5.663621726499088,-1.0107196785160928,0.34129679675342317,0.08637138989632567,STOP
AVAXUSDT,SYSTEMATIC_BREAKOUT_4H,SHORT,93.10427061465643,2024-10-26T00:00:00+00:00,2024-10-28T20:00:00+00:00,24.9055092,26.402479735975202,-6.765819839371486,-1.0122020194174766,0.1782560622932586,0.086527616682471,STOP
ADAUSDT,SYSTEMATIC_BREAKOUT_4H,SHORT,87.18210006437849,2024-10-26T00:00:00+00:00,2024-10-28T20:00:00+00:00,0.32566743,0.34524199654758,-5.6381831994762335,-1.0122020194174757,0.1485467185777155,0.0721063472353925,STOP
AVAXUSDT,SYSTEMATIC_BREAKOUT_4H,SHORT,87.88503031426696,2024-11-02T16:00:00+00:00,2024-11-05T12:00:00+00:00,24.2255772,23.761012846878607,2.022694951852123,0.3672155467404581,0.19088203989667368,0.09636499674373385,STOP
ADAUSDT,SYSTEMATIC_BREAKOUT_4H,LONG,89.7912616476995,2024-11-08T04:00:00+00:00,2024-11-10T04:00:00+00:00,0.42214220999999996,0.5532042544679574,27.540925928183928,4.984151534757284,0.16526806635085695,0.053647572411487474,TARGET
ADAUSDT,SYSTEMATIC_BREAKOUT_4H,LONG,91.98596487838392,2024-11-10T04:00:00+00:00,2024-11-10T16:00:00+00:00,0.53315331,0.616752900431811,14.228217215094245,2.5077138822152527,0.15841063111493847,0.00918087400867276,STOP
SOLUSDT,SYSTEMATIC_BREAKOUT_4H,LONG,87.53805938315823,2024-11-07T20:00:00+00:00,2024-11-12T12:00:00+00:00,197.079706,208.36570515961859,4.841499200512911,0.8773519914271591,0.14695961105307262,0.12501023134140338,STOP
ADAUSDT,SYSTEMATIC_BREAKOUT_4H,LONG,86.72560625981554,2024-11-20T08:00:00+00:00,2024-11-22T20:00:00+00:00,0.7896789599999999,1.0348497496515023,28.656353304415237,4.9825334117799365,0.17201738838378935,0.06514487696848921,TARGET
XRPUSDT,SYSTEMATIC_BREAKOUT_4H,LONG,89.57903085415948,2024-11-23T04:00:00+00:00,2024-11-23T16:00:00+00:00,1.56675666,1.4726039852739599,-5.889485929372094,-0.9991249967637558,0.14802659936909046,0.009538258514142596,STOP
AVAXUSDT,SYSTEMATIC_BREAKOUT_4H,LONG,87.24355302731226,2024-11-23T04:00:00+00:00,2024-11-23T16:00:00+00:00,44.015401100000005,41.3703395862966,-5.889485929372091,-0.9991249967637553,0.14802659936909046,0.009538258514142596,STOP
LTCUSDT,SYSTEMATIC_BREAKOUT_4H,LONG,90.6660770312999,2024-12-01T16:00:00+00:00,2024-12-02T04:00:00+00:00,108.80087900000001,121.1650110881199,10.655833788724115,1.8098558223871237,0.16109274798163686,0.00952697407331335,STOP
XRPUSDT,SYSTEMATIC_BREAKOUT_4H,LONG,90.51063841023733,2024-11-30T08:00:00+00:00,2024-12-02T08:00:00+00:00,1.91399138,2.342432431550178,20.913117251970213,3.5836218455532305,0.16799756828642243,0.05665775633443109,STOP
BNBUSDT,SYSTEMATIC_BREAKOUT_4H,LONG,87.6709167324693,2024-12-04T04:00:00+00:00,2024-12-05T00:00:00+00:00,754.065399,708.7505929124939,-5.998047615417019,-1.0007431197411025,0.15051143427879526,0.019396743228640368,STOP
LINKUSDT,SYSTEMATIC_BREAKOUT_4H,LONG,91.31885572081725,2024-12-13T04:00:00+00:00,2024-12-13T08:00:00+00:00,30.1650162,28.3522797164772,-5.948735403559988,-0.9975068737864087,0.14975831786731095,0.0,STOP
XRPUSDT,SYSTEMATIC_BREAKOUT_4H,SHORT,89.29099447387482,2024-12-30T16:00:00+00:00,2024-12-31T12:00:00+00:00,2.02319766,2.1393342618576456,-5.949086967075203,-1.00256615848383,0.16526572241143409,0.020081841361098994,STOP
LINKUSDT,SYSTEMATIC_BREAKOUT_4H,SHORT,91.11876511152606,2024-12-30T16:00:00+00:00,2025-01-01T16:00:00+00:00,20.2959702,21.5158797848412,-5.987061384766671,-1.008965773462784,0.15824440205561152,0.057610288762669805,STOP
ADAUSDT,SYSTEMATIC_BREAKOUT_4H,LONG,91.87343737134812,2025-01-03T12:00:00+00:00,2025-01-07T16:00:00+00:00,1.0738073700000001,1.00927798990722,-5.973595659316373,-1.016924349514566,0.14751268723259212,0.11406172817079188,STOP
SOLUSDT,SYSTEMATIC_BREAKOUT_4H,LONG,86.51889941887757,2025-01-03T12:00:00+00:00,2025-01-07T16:00:00+00:00,214.40143799999998,204.35854937721362,-6.0021810698997955,-1.0217906313523428,0.1890686316010805,0.14520221983189047,STOP
AVAXUSDT,SYSTEMATIC_BREAKOUT_4H,SHORT,89.52136978382187,2025-01-13T04:00:00+00:00,2025-01-15T12:00:00+00:00,35.3324664,37.4561596254384,-5.87583806746145,-1.0105838964401304,0.15505598132221105,0.06585776831722963,STOP
LTCUSDT,SYSTEMATIC_BREAKOUT_4H,LONG,86.81525772799417,2025-01-17T04:00:00+00:00,2025-01-18T04:00:00+00:00,133.733372,125.69679874303199,-5.798580529227628,-1.0023612427184485,0.145271233856944,0.028082140421419387,STOP
SOLUSDT,SYSTEMATIC_BREAKOUT_4H,LONG,91.27601521211602,2025-01-19T08:00:00+00:00,2025-01-19T20:00:00+00:00,271.347132,255.040797449592,-5.75089156851751,-0.9991249967637539,0.14454316258444355,0.009313799391854782,STOP
DOGEUSDT,SYSTEMATIC_BREAKOUT_4H,SHORT,91.05790898334979,2025-02-02T00:00:00+00:00,2025-02-03T00:00:00+00:00,0.30766922999999996,0.2121283778787162,28.624699365714193,4.998049916634304,0.12525413403615362,0.027801813428755668,TARGET
SOLUSDT,SYSTEMATIC_BREAKOUT_4H,SHORT,93.46865159830162,2025-02-17T08:00:00+00:00,2025-02-19T08:00:00+00:00,181.231875,172.62002096684785,6.369311460064315,0.9041722238164606,0.2193463533625982,0.08425675688206702,STOP
AVAXUSDT,SYSTEMATIC_BREAKOUT_4H,SHORT,89.13327091804878,2025-02-18T08:00:00+00:00,2025-02-21T08:00:00+00:00,23.9646033,25.4050197459498,-6.000275070639762,-1.0138201423948223,0.1578342764291773,0.0861914682947501,STOP
SOLUSDT,SYSTEMATIC_BREAKOUT_4H,SHORT,89.23241879249196,2025-02-24T04:00:00+00:00,2025-02-25T16:00:00+00:00,160.903908,143.46943530874438,11.196470795502236,1.9067097369526997,0.15918651787359028,0.042076176166306004,STOP
DOGEUSDT,SYSTEMATIC_BREAKOUT_4H,SHORT,88.72607156193908,2025-02-24T04:00:00+00:00,2025-02-25T20:00:00+00:00,0.230066991,0.21238654018331926,7.808119835039214,1.329688469579486,0.1605781867498309,0.052185904340854634,STOP
DOGEUSDT,SYSTEMATIC_BREAKOUT_4H,LONG,87.9266938914117,2025-03-26T12:00:00+00:00,2025-03-27T12:00:00+00:00,0.20331032899999998,0.19109259808907397,-5.981255123626213,-1.0023612427184476,0.14984776143793366,0.028966821350738192,STOP
XRPUSDT,SYSTEMATIC_BREAKOUT_4H,SHORT,87.507422585712,2025-03-29T12:00:00+00:00,2025-03-30T00:00:00+00:00,2.08559142,2.21094797789052,-5.94245496569832,-1.000875158576052,0.15833505152196387,0.009607215085168182,STOP
AVAXUSDT,SYSTEMATIC_BREAKOUT_4H,LONG,88.91452529516224,2025-04-12T16:00:00+00:00,2025-04-13T20:00:00+00:00,20.5090507,19.2765798072342,-5.92149579931146,-1.002361242718447,0.14835061731207339,0.028677410911676915,STOP
ADAUSDT,SYSTEMATIC_BREAKOUT_4H,LONG,91.55409706701909,2025-04-24T16:00:00+00:00,2025-04-28T00:00:00+00:00,0.72597259,0.68234599317654,-5.958397008870168,-1.0136881035598717,0.1476071127664385,0.09511228428493346,STOP
AVAXUSDT,SYSTEMATIC_BREAKOUT_4H,SHORT,86.5703469656626,2025-05-05T12:00:00+00:00,2025-05-08T04:00:00+00:00,19.4540544,20.40136393088042,-5.934472864290714,-1.0147612017641814,0.19021399006786477,0.09284643005626575,STOP
DOGEUSDT,SYSTEMATIC_BREAKOUT_4H,LONG,88.16459628776151,2025-05-10T08:00:00+00:00,2025-05-11T04:00:00+00:00,0.224162414,0.23301954018155338,3.5476204572308143,0.6097165610094324,0.1536161780959644,0.01883001559690318,STOP
XRPUSDT,SYSTEMATIC_BREAKOUT_4H,LONG,87.41870550780989,2025-05-12T16:00:00+00:00,2025-05-13T00:00:00+00:00,2.59315929,2.43732597562674,-5.831106216535311,-0.9991249967637553,0.14655928108919195,0.009443710229335335,STOP
DOGEUSDT,SYSTEMATIC_BREAKOUT_4H,LONG,87.31900682125595,2025-05-23T04:00:00+00:00,2025-05-23T08:00:00+00:00,0.250975095,0.23589299764106997,-5.79257966364211,-0.9975068737864088,0.14582712588297225,0.0,STOP
ETHUSDT,SYSTEMATIC_BREAKOUT_4H,LONG,90.77208117810213,2025-05-29T04:00:00+00:00,2025-05-29T12:00:00+00:00,2762.3162039999997,2623.5495075200824,-5.773065969552783,-0.9991297264552799,0.1735199527457647,0.011124418126544317,STOP
SOLUSDT,SYSTEMATIC_BREAKOUT_4H,SHORT,87.81993034644701,2025-06-05T16:00:00+00:00,2025-06-09T20:00:00+00:00,150.78492,157.76705299787713,-5.885970906259768,-1.0237843613316997,0.19607540149408514,0.14372885112838146,STOP
ETHUSDT,SYSTEMATIC_BREAKOUT_4H,LONG,91.50456818559385,2025-06-11T16:00:00+00:00,2025-06-12T12:00:00+00:00,2864.2864,2715.262770742606,-5.725460638840996,-1.0009897778902561,0.16588582660613527,0.021289556851305264,STOP
ADAUSDT,SYSTEMATIC_BREAKOUT_4H,SHORT,88.00126047636947,2025-06-20T16:00:00+00:00,2025-06-23T04:00:00+00:00,0.58284171,0.5491012768578696,6.061213328708353,1.0634949784145973,0.16926564374933523,0.07626107815804967,STOP
AVAXUSDT,SYSTEMATIC_BREAKOUT_4H,SHORT,86.12879602863977,2025-06-19T16:00:00+00:00,2025-06-23T12:00:00+00:00,17.7272271,17.17208343365038,2.9386464411663864,0.5163517178379238,0.16159437890190798,0.11286334278463084,STOP
SOLUSDT,SYSTEMATIC_BREAKOUT_4H,LONG,91.94135389318228,2025-06-30T16:00:00+00:00,2025-07-01T04:00:00+00:00,157.785777,149.85887831610162,-5.731179256534014,-0.999129724897284,0.1722516781144796,0.011043124104870709,STOP
XRPUSDT,SYSTEMATIC_BREAKOUT_4H,LONG,86.12858103819242,2025-07-07T16:00:00+00:00,2025-07-07T20:00:00+00:00,2.33833381,2.2624996433742623,-5.685915711058466,-0.9962155693464078,0.26319568414321304,0.0,STOP
XRPUSDT,SYSTEMATIC_BREAKOUT_4H,LONG,87.06208644627466,2025-07-09T12:00:00+00:00,2025-07-11T12:00:00+00:00,2.38093807,2.800912522783866,28.256013289129992,4.975451004104167,0.2826608002633668,0.09740697577921079,TARGET
ETHUSDT,SYSTEMATIC_BREAKOUT_4H,LONG,86.44784343027685,2025-07-09T16:00:00+00:00,2025-07-12T12:00:00+00:00,2655.6755409999996,2918.8487843483013,15.37165495592108,2.7006725356701478,0.2671654251809865,0.127276273928481,STOP
ADAUSDT,SYSTEMATIC_BREAKOUT_4H,LONG,87.8076469174663,2025-07-17T12:00:00+00:00,2025-07-22T00:00:00+00:00,0.81558155,0.8682510606605549,5.9126076176652465,0.9972074796914634,0.15846252312501768,0.12472353415036544,STOP
ETHUSDT,SYSTEMATIC_BREAKOUT_4H,LONG,87.94818778917181,2025-07-16T16:00:00+00:00,2025-07-22T08:00:00+00:00,3243.734341,3648.8125576719567,14.488549420021176,2.456842236682593,0.20274188404089313,0.20275331386820822,STOP
BNBUSDT,SYSTEMATIC_BREAKOUT_4H,LONG,89.00618541420131,2025-07-23T04:00:00+00:00,2025-07-23T16:00:00+00:00,798.1298049999999,762.9344437639322,-5.994032822687349,-0.9991337000695659,0.2049515668157596,0.013098272075174796,STOP
AVAXUSDT,SYSTEMATIC_BREAKOUT_4H,LONG,87.96579716709788,2025-07-28T12:00:00+00:00,2025-07-28T16:00:00+00:00,27.310730799999998,25.8865457490562,-5.959157977519017,-0.99727175532374,0.1729060933265102,0.0,STOP
BNBUSDT,SYSTEMATIC_BREAKOUT_4H,LONG,93.24105432675486,2025-07-27T20:00:00+00:00,2025-07-29T12:00:00+00:00,831.043096,803.3354041011806,-7.2387411890988,-1.010558182318782,0.3215917103208382,0.10220114655831686,STOP
LINKUSDT,SYSTEMATIC_BREAKOUT_4H,LONG,90.28400984382382,2025-08-09T04:00:00+00:00,2025-08-11T20:00:00+00:00,20.868086599999998,21.00658411690146,0.4042020872134994,0.06847087580249463,0.15334264687728555,0.0764177384496266,STOP
ETHUSDT,SYSTEMATIC_BREAKOUT_4H,LONG,89.39274031388875,2025-08-09T08:00:00+00:00,2025-08-14T12:00:00+00:00,4170.126971,4528.714638083052,10.009988160001038,1.695679984377453,0.2016954419089539,0.18129474303093857,STOP
LINKUSDT,SYSTEMATIC_BREAKOUT_4H,LONG,91.33362789094248,2025-08-12T16:00:00+00:00,2025-08-14T12:00:00+00:00,24.0094007,22.566579774334198,-5.988141898540688,-1.0055974886731414,0.14953749498735208,0.04817807376599436,STOP
LINKUSDT,SYSTEMATIC_BREAKOUT_4H,LONG,91.95266346501795,2025-08-17T16:00:00+00:00,2025-08-18T00:00:00+00:00,26.292628999999998,24.712599752874,-5.920215792331114,-0.9991249967637538,0.14879896510142335,0.0095880267588625,STOP
XRPUSDT,SYSTEMATIC_BREAKOUT_4H,SHORT,88.6184045126283,2025-09-01T04:00:00+00:00,2025-09-01T08:00:00+00:00,2.74032594,2.828368200942979,-5.8834074941992975,-0.9978981707393006,0.28336331118243246,0.0,STOP
AVAXUSDT,SYSTEMATIC_BREAKOUT_4H,LONG,90.22095687933577,2025-09-10T08:00:00+00:00,2025-09-11T12:00:00+00:00,26.9266924,28.34398786407716,6.2657400998530335,1.0672658916565738,0.20296643883254395,0.037080339249411745,STOP
DOGEUSDT,SYSTEMATIC_BREAKOUT_4H,LONG,91.6190008830495,2025-09-08T16:00:00+00:00,2025-09-13T08:00:00+00:00,0.238313829,0.2905809457697425,29.103361604442213,4.961040641080735,0.23906049821266695,0.18850628606398037,TARGET
DOGEUSDT,SYSTEMATIC_BREAKOUT_4H,LONG,91.20066036883878,2025-09-13T12:00:00+00:00,2025-09-14T12:00:00+00:00,0.296219619,0.27841859721581397,-6.095763774643337,-1.002361242718448,0.15271653474145233,0.029521379143136125,STOP
SOLUSDT,SYSTEMATIC_BREAKOUT_4H,LONG,87.40210859426534,2025-09-11T16:00:00+00:00,2025-09-15T04:00:00+00:00,226.712669,236.97255806602868,5.908506580022572,0.9953721782597015,0.22683688723635215,0.13863606475671225,STOP
AVAXUSDT,SYSTEMATIC_BREAKOUT_4H,LONG,87.51261704109427,2025-09-18T00:00:00+00:00,2025-09-20T08:00:00+00:00,31.8301827,33.22643222577987,4.087564396170766,0.6720144122896995,0.16093105670624097,0.06889625021289897,STOP
BNBUSDT,SYSTEMATIC_BREAKOUT_4H,LONG,87.54202716904939,2025-09-16T20:00:00+00:00,2025-09-21T12:00:00+00:00,955.515542,1045.9376962215908,17.594088461974163,2.9118237750219937,0.3220158128722155,0.2690342393032838,STOP
SOLUSDT,SYSTEMATIC_BREAKOUT_4H,SHORT,88.48283641674024,2025-09-24T04:00:00+00:00,2025-09-28T20:00:00+00:00,208.349163,207.99493192005065,-0.129230370809706,-0.02101067728155202,0.1591060520103354,0.1393362438565835,STOP
BTCUSDT,SYSTEMATIC_BREAKOUT_4H,LONG,86.4748895486318,2025-10-02T16:00:00+00:00,2025-10-05T08:00:00+00:00,119887.08751,122572.55463098836,5.549832080804346,0.9024038327818799,0.4493625195737262,0.22219270486476594,STOP
DOGEUSDT,SYSTEMATIC_BREAKOUT_4H,LONG,86.89195857372938,2025-10-06T16:00:00+00:00,2025-10-07T12:00:00+00:00,0.26682668,0.2530321770356227,-6.197278523968149,-1.0010014499237319,0.18069351544613965,0.023186029328686786,STOP
BNBUSDT,SYSTEMATIC_BREAKOUT_4H,LONG,91.39745309143476,2025-10-06T08:00:00+00:00,2025-10-07T16:00:00+00:00,1199.1999079999998,1284.9663374581992,8.605558886654213,1.392980482504425,0.20530889466559576,0.04955513908231851,STOP
LTCUSDT,SYSTEMATIC_BREAKOUT_4H,LONG,91.74823443069218,2025-10-10T04:00:00+00:00,2025-10-10T20:00:00+00:00,131.233122,123.346798766532,-6.194444113253733,-1.000743119741101,0.15543969101699767,0.020031858633485035,STOP
SOLUSDT,SYSTEMATIC_BREAKOUT_4H,SHORT,87.57463470230816,2025-11-04T08:00:00+00:00,2025-11-09T20:00:00+00:00,156.99429899999998,166.430598335694,-6.313749273740033,-1.0251470032362464,0.16424504026711131,0.15945299927975679,STOP
ADAUSDT,SYSTEMATIC_BREAKOUT_4H,SHORT,88.44943622516365,2025-11-16T20:00:00+00:00,2025-11-24T16:00:00+00:00,0.48115188000000003,0.42651594961022804,10.880742307506146,1.7757799287127483,0.1496289574077057,0.2280387978457505,STOP
ADAUSDT,SYSTEMATIC_BREAKOUT_4H,SHORT,92.57581050125971,2025-12-17T20:00:00+00:00,2025-12-24T20:00:00+00:00,0.36856314,0.35653565,3.4761077717134263,0.46860138262955914,0.1889193575566684,0.2520696083676469,TIME_STOP
AVAXUSDT,SYSTEMATIC_BREAKOUT_4H,SHORT,87.58919338644023,2025-12-17T20:00:00+00:00,2025-12-24T20:00:00+00:00,11.8738125,12.10121,-2.2926053250634544,-0.37086929256594714,0.16195279213390779,0.21054692879140893,TIME_STOP
ADAUSDT,SYSTEMATIC_BREAKOUT_4H,SHORT,92.27411665086122,2025-12-31T20:00:00+00:00,2026-01-01T12:00:00+00:00,0.33176681999999996,0.348485039625176,-7.4458685986274995,-1.0027903962280595,0.23383377595455318,0.02851086959901175,STOP
SOLUSDT,SYSTEMATIC_BREAKOUT_4H,LONG,87.83684631273405,2026-01-06T16:00:00+00:00,2026-01-07T12:00:00+00:00,141.564155,135.52696351903475,-6.141397566030632,-1.0013895618394908,0.21653300549649013,0.027656346508463835,STOP
DOGEUSDT,SYSTEMATIC_BREAKOUT_4H,LONG,88.25880887387396,2026-01-04T04:00:00+00:00,2026-01-08T04:00:00+00:00,0.15098509699999998,0.141911798580882,-6.254486670141672,-1.0169243495145632,0.15444904352274375,0.11942515012795238,STOP
SOLUSDT,SYSTEMATIC_BREAKOUT_4H,LONG,86.59067222830716,2026-01-12T04:00:00+00:00,2026-01-19T00:00:00+00:00,142.50424900000002,137.16347284845884,-6.378415226948671,-1.047631342137343,0.24396356805067834,0.31077813358865725,STOP
LINKUSDT,SYSTEMATIC_BREAKOUT_4H,SHORT,87.13559262476082,2026-03-29T00:00:00+00:00,2026-03-30T08:00:00+00:00,8.4281571,8.771890324246863,-6.104527722101578,-1.0079259968149683,0.2327702703725415,0.057029622027195005,STOP
ETHUSDT,SYSTEMATIC_BREAKOUT_4H,LONG,89.32616548484499,2026-04-11T20:00:00+00:00,2026-04-12T00:00:00+00:00,2315.481525,2232.4276557766675,-6.004786822599188,-0.9964795437758032,0.2520109186316365,0.0,STOP
DOGEUSDT,SYSTEMATIC_BREAKOUT_4H,LONG,90.00028901044723,2026-04-29T08:00:00+00:00,2026-05-06T12:00:00+00:00,0.104930492,0.11164630905580109,8.781714756097678,1.4646011016204246,0.24066498545676127,0.3060779128748484,STOP
BTCUSDT,SYSTEMATIC_BREAKOUT_4H,LONG,86.69664865326223,2026-05-06T12:00:00+00:00,2026-05-07T12:00:00+00:00,82493.54853,80331.28545401056,-6.0780586040788975,-1.0063201309462984,0.34166357921900287,0.06491264346077291,STOP
LINKUSDT,SYSTEMATIC_BREAKOUT_4H,LONG,90.88718303705853,2026-05-06T12:00:00+00:00,2026-05-08T00:00:00+00:00,10.1790178,9.790466882407243,-6.080124072637146,-1.006662102408799,0.23772394601639854,0.06058734905961186,STOP
SOLUSDT,SYSTEMATIC_BREAKOUT_4H,LONG,88.67309275134994,2026-05-08T20:00:00+00:00,2026-05-13T12:00:00+00:00,92.579257,93.49508116127095,1.012605331370249,0.16935763046494903,0.23650272394242622,0.20592136285690424,STOP
LINKUSDT,SYSTEMATIC_BREAKOUT_4H,LONG,91.45754480481068,2026-05-08T20:00:00+00:00,2026-05-15T20:00:00+00:00,10.371037,10.0629936,-4.382650545825763,-0.732995658429509,0.2069625133065629,0.275733251235212,TIME_STOP
ETHUSDT,SYSTEMATIC_BREAKOUT_4H,SHORT,89.6520412213657,2026-05-18T00:00:00+00:00,2026-05-23T20:00:00+00:00,2129.6670120000003,2103.1501155446285,1.5530672623965172,0.2604836546744483,0.26955527805128154,0.28819667926624365,STOP
ADAUSDT,SYSTEMATIC_BREAKOUT_4H,SHORT,93.49579075962264,2026-06-05T04:00:00+00:00,2026-06-07T20:00:00+00:00,0.15838416000000002,0.16790399832096004,-7.2514273311625566,-1.012202019417477,0.19105014805993234,0.09273801836407075,STOP
SOLUSDT,SYSTEMATIC_BREAKOUT_4H,SHORT,89.35814595731244,2026-06-05T08:00:00+00:00,2026-06-12T08:00:00+00:00,66.113388,66.896689,-1.4992378543518166,-0.25173658010348327,0.15510323456167796,0.20237414686563163,TIME_STOP
AVAXUSDT,SYSTEMATIC_BREAKOUT_4H,SHORT,89.06601556757674,2026-06-14T20:00:00+00:00,2026-06-15T00:00:00+00:00,6.4283571,6.674820836798108,-5.916560511751035,-0.9983638753512287,0.24137573166347231,0.0,STOP
ADAUSDT,SYSTEMATIC_BREAKOUT_4H,SHORT,92.09658294392828,2026-06-22T00:00:00+00:00,2026-06-24T20:00:00+00:00,0.15648435,0.14865217559840838,7.412473257669441,1.0475500686812915,0.24246050132635333,0.12434196095115545,STOP
ADAUSDT,SYSTEMATIC_BREAKOUT_4H,LONG,91.81093390183887,2026-07-03T20:00:00+00:00,2026-07-08T04:00:00+00:00,0.1810181,0.17013999829859996,-6.0437623096953565,-1.0185424724919117,0.14900828994924042,0.1248196928962103,STOP
ADAUSDT,SYSTEMATIC_BREAKOUT_4H,SHORT,86.45061401549596,2026-07-13T04:00:00+00:00,2026-07-14T12:00:00+00:00,0.15878412,0.16670482801704253,-5.942991782430925,-1.0066865940410745,0.1876986279170328,0.04578275489933528,STOP
ADAUSDT,SYSTEMATIC_BREAKOUT_4H,LONG,90.1887931243086,2026-07-22T16:00:00+00:00,2026-07-23T12:00:00+00:00,0.17791779,0.16904535531814607,-5.8800810904140475,-1.0010689312405388,0.17768454338860695,0.022778529725305884,STOP
